Keyword,Position,Previous position,Search Volume,Keyword Difficulty,CPC,URL,Traffic,Traffic (%),Traffic Cost,Competition,Number of Results,Trends,Timestamp,SERP Features by Keyword,Keyword Intents,Position Type
batch shrink images,1,1,110,71,2.02,https://bulkresizephotos.com/en,27,0.36,54.00,0.22,1430000,"[42,42,34,42,26,42,34,53,65,42,26,42]",2025-08-19,"Image pack, Sitelinks, Video, Image, People also ask, Related searches",informational,Organic
resize batch images online,1,1,40,54,1.74,https://bulkresizephotos.com/en,9,0.12,15.00,0.05,3230000,"[18,18,18,18,18,18,18,18,100,100,18,100]",2025-08-30,"Image pack, Sitelinks, Video, Related searches","commercial, informational",Organic
resize bulk images,1,1,480,61,2.71,https://bulkresizephotos.com/en,119,1.62,322.00,0.11,123000000,"[30,0,36,100,20,24,36,13,30,30,45,45]",2025-08-22,"Image pack, Sitelinks, Video, Image, Related searches",informational,Organic
bluk resize,1,1,30,39,3.60,https://bulkresizephotos.com/en,7,0.09,25.00,0.03,82900000,"[0,0,0,0,0,0,0,0,0,100,0,0]",2025-08-30,"Image pack, Sitelinks, Video, Related searches",informational,Organic
bulk resizer,1,1,480,63,3.60,https://bulkresizephotos.com/en,119,1.62,428.00,0.03,130000000,"[11,24,20,8,13,24,16,4,30,16,11,0]",2025-09-01,"Sitelinks, Video, Related searches",informational,Organic
batch resizer,1,1,50,56,2.73,https://bulkresizephotos.com/en,12,0.16,32.00,0.08,5560000,"[28,64,78,28,78,14,21,0,78,28,0,21]",2025-08-30,"Image pack, Sitelinks, Video, Related searches","informational, transactional",Organic
bulk resize images,1,1,720,62,2.87,https://bulkresizephotos.com/en,178,2.42,510.00,0.13,49400000,"[45,45,55,45,36,45,36,13,45,45,45,45]",2025-08-24,"Image pack, Sitelinks, Video, Image, Related searches",informational,Organic
bulk photo resizer,1,1,1300,52,2.71,https://bulkresizephotos.com/en,322,4.39,872.00,0.11,1440000,"[79,41,54,79,41,66,30,54,79,24,41,66]",2025-08-31,"Sitelinks, Video, People also ask, Related searches",informational,Organic
batch reduce photo size,1,1,70,33,2.33,https://bulkresizephotos.com/en,9,0.12,20.00,0.11,84100000,"[41,41,29,41,29,41,41,64,41,52,52,41]",2025-08-18,"Image pack, Sitelinks, Video, Image, People also ask, Related searches, AI overview",informational,Organic
bulk resize,1,1,1300,59,3.60,https://bulkresizephotos.com/en,322,4.39,1159.00,0.03,53800000,"[68,68,84,100,68,52,68,46,68,46,46,68]",2025-09-02,"Image pack, Sitelinks, Video, Related searches",informational,Organic
batch photo resizer,1,1,260,63,2.31,https://bulkresizephotos.com/en,64,0.87,147.00,0.19,1740000,"[66,82,100,66,53,53,53,53,66,66,82,66]",2025-08-27,"Sitelinks, Video, Image, Related searches",informational,Organic
bulk images resize,1,1,170,58,2.71,https://bulkresizephotos.com/en,42,0.57,113.00,0.11,301000000,"[39,0,0,100,0,0,48,39,0,0,0,0]",2025-08-20,"Image pack, Sitelinks, Video, Image, Related searches",informational,Organic
bulk resize jpeg,1,1,30,64,2.57,https://bulkresizephotos.com/en,7,0.09,17.00,0.11,1590000,"[63,63,45,18,18,63,63,63,0,0,0,0]",2025-08-21,"Image pack, Sitelinks, Video, People also ask, Related searches",informational,Organic
mass resize,1,1,70,63,2.73,https://bulkresizephotos.com/en,17,0.23,46.00,0.08,243000000,"[77,77,55,100,55,77,55,77,100,100,100,55]",2025-08-24,"Image pack, Sitelinks, Video, Image, Related searches","commercial, informational",Organic
batch scale images,1,1,70,56,2.02,https://bulkresizephotos.com/en,17,0.23,34.00,0.22,89000000,"[81,81,63,81,63,100,81,100,63,36,45,63]",2025-08-18,"Image pack, Sitelinks, Video, Ads bottom, Video Carousel, Related searches",informational,Organic
bulk image resizer,1,1,2400,61,2.71,https://bulkresizephotos.com/en,595,8.11,1612.00,0.11,5170000,"[82,100,100,82,82,82,55,65,100,55,65,82]",2025-08-31,"Image pack, Sitelinks, Video, Related searches",informational,Organic
bulk resize photos,1,1,590,65,3.05,https://bulkresizephotos.com/en,146,1.99,445.00,0.12,11500000,"[25,31,20,25,25,13,100,16,25,25,20,25]",2025-09-01,"Sitelinks, Video, Image, Related searches",informational,Organic
bulk scale images,1,1,1000,71,2.71,https://bulkresizephotos.com/en,248,3.38,672.00,0.11,165000000,"[41,54,20,30,13,54,8,79,100,10,16,30]",2025-08-27,"Image pack, Sitelinks, Video, Image, Ads bottom, Related searches",informational,Organic
batch resize photos,1,1,140,48,2.02,https://bulkresizephotos.com/en,34,0.46,68.00,0.22,11400000,"[65,65,65,42,53,65,80,53,80,34,26,65]",2025-08-26,"Image pack, Video, Image, Related searches",informational,Organic
online image batch resizer,1,1,40,58,1.74,https://bulkresizephotos.com/en,9,0.12,15.00,0.05,122000,"[18,18,18,18,18,18,18,18,100,100,18,100]",2025-08-30,"Image pack, Sitelinks, Video, Related searches","commercial, informational",Organic
bulkimageresizer,1,1,50,55,2.87,https://bulkresizephotos.com/en,12,0.16,34.00,0.13,45900,"[0,0,0,9,0,0,0,0,0,5,66,0]",2025-08-13,"Sitelinks, Video, Related searches","commercial, informational",Organic
free batch photo resizer,1,1,110,57,1.82,https://bulkresizephotos.com/en,27,0.36,49.00,0.3,1210000,"[42,33,52,52,42,33,42,19,66,66,80,66]",2025-08-25,"Sitelinks, Video, Related searches",informational,Organic
image bulk resize,1,1,210,60,2.71,https://bulkresizephotos.com/en,52,0.7,140.00,0.11,54500000,"[0,20,16,13,0,0,20,0,76,36,0,0]",2025-08-19,"Image pack, Sitelinks, Video, Image, Related searches",informational,Organic
resize photos bulk,1,1,70,50,2.31,https://bulkresizephotos.com/en,17,0.23,39.00,0.19,12500000,"[0,7,4,4,26,0,0,1,17,17,3,2]",2025-08-11,"Sitelinks, Video, Image, People also ask, Related searches",informational,Organic
batch resize jpg,1,1,50,64,2.57,https://bulkresizephotos.com/en,12,0.16,30.00,0.11,59000000,"[29,5,29,11,11,100,64,17,0,5,41,41]",2025-08-14,"Image pack, Sitelinks, Video, Image, People also ask, Related searches",informational,Organic
batch resize,1,1,90,50,2.73,https://bulkresizephotos.com/en,22,0.3,60.00,0.08,164000000,"[23,11,64,82,41,64,41,41,52,82,64,41]",2025-08-16,"Image pack, Sitelinks, Video, Related searches",informational,Organic
bulkresize images,1,1,50,60,2.87,https://bulkresizephotos.com/en,12,0.16,34.00,0.13,45900000,"[0,0,0,0,53,0,100,0,0,0,0,0]",2025-08-30,"Image pack, Sitelinks, Video, Image, Related searches",informational,Organic
bulkresize,1,1,390,64,3.60,https://bulkresizephotos.com/en,96,1.3,345.00,0.03,59400000,"[23,36,44,19,67,100,67,44,67,29,54,36]",2025-08-25,"Image pack, Sitelinks, Video, Related searches",informational,Organic
bulkresizephotos,1,1,140,66,3.05,https://bulkresizephotos.com/en,34,0.46,103.00,0.12,13000000,"[53,0,100,34,43,53,3,43,65,53,43,28]",2025-08-31,"Image pack, Sitelinks, Video, Image, Related searches",informational,Organic
bulk images,1,1,110,64,0.00,https://bulkresizephotos.com/en,27,0.36,0.00,0.03,806000000,"[0,0,0,3,2,0,2,1,1,2,100,2]",2025-08-30,"Image pack, Sitelinks, Video, Image, Related searches",informational,Organic
bulkresizephotos.com,1,1,50,23,0.00,https://bulkresizephotos.com/en,12,0.16,0.00,0,9120,"[7,7,7,7,7,7,7,7,7,11,100,65]",2025-08-18,"Sitelinks, Video, People also ask",informational,Organic
resize batch,1,1,320,50,3.60,https://bulkresizephotos.com/en,79,1.07,284.00,0.03,53700000,"[19,19,19,29,81,100,19,29,12,12,23,54]",2025-08-17,"Image pack, Sitelinks, Video, People also ask, Related searches","commercial, informational",Organic
bulk resize image,1,1,320,63,2.87,https://bulkresizephotos.com/en,79,1.07,226.00,0.13,39800000,"[16,55,45,20,30,30,30,45,16,0,3,30]",2025-08-15,"Image pack, Sitelinks, Video, Image, Related searches",informational,Organic
bulk image,1,1,90,57,0.00,https://bulkresizephotos.com/en,22,0.3,0.00,0.03,1230000000,"[0,7,7,100,42,53,7,7,7,100,34,0]",2025-08-21,"Sitelinks, Video, Image, Related searches",informational,Organic
free bulk photo resizer,1,1,70,62,1.82,https://bulkresizephotos.com/en,17,0.23,30.00,0.3,954000,"[33,33,23,33,23,33,33,23,42,52,52,42]",2025-08-19,"Image pack, Sitelinks, Video, Related searches",commercial,Organic
bulkresizer,1,1,110,26,0.00,https://bulkresizephotos.com/en,27,0.36,0.00,0,35,"[23,100,19,29,2,2,2,2,2,2,2,2]",2025-08-31,"Image pack, Video, Related searches","commercial, informational",Organic
batch downsize photos,1,1,90,66,2.02,https://bulkresizephotos.com/en,22,0.3,44.00,0.22,102000,"[64,64,52,64,41,64,52,52,23,64,41,64]",2025-08-18,"Image pack, Sitelinks, Video, People also ask, Related searches",informational,Organic
bulk jpeg resizer,1,1,50,62,2.57,https://bulkresizephotos.com/en,12,0.16,30.00,0.11,5470000,"[17,17,29,11,11,52,41,52,41,41,41,41]",2025-08-14,"Image pack, Sitelinks, Video, Image, People also ask, Related searches","commercial, informational",Organic
bulk photo resize,1,1,210,32,2.71,https://bulkresizephotos.com/en,52,0.7,140.00,0.11,19100000,"[2,8,52,16,0,25,0,0,8,2,2,0]",2025-08-17,"Image pack, Sitelinks, Video, People also ask, Related searches",informational,Organic
bulk resizing of photos,1,1,140,68,2.31,https://bulkresizephotos.com/en,34,0.46,78.00,0.19,52400000,"[80,100,80,80,42,66,42,52,33,52,100,52]",2025-08-25,"Image pack, Sitelinks, Video, Image, Related searches",informational,Organic
resize batch photos,1,1,50,48,2.31,https://bulkresizephotos.com/en,12,0.16,27.00,0.19,10500000,"[81,45,36,36,9,36,27,45,45,63,63,45]",2025-08-22,"Image pack, Sitelinks, Video, Related searches",informational,Organic
image batch resize,2,2,590,65,2.71,https://bulkresizephotos.com/en,77,1.05,208.00,0.11,51800000,"[68,25,20,68,2,68,3,37,25,25,4,2]",2025-08-20,"Image pack, Sitelinks, Video, Image, Related searches",informational,Organic
resize image online bulk,2,2,40,52,1.74,https://bulkresizephotos.com/en,5,0.06,8.00,0.05,28900000,"[14,14,14,14,14,14,14,14,35,100,14,100]",2025-08-30,"Image pack, Video, Ads bottom, Related searches, Ads middle","commercial, informational",Organic
bulk photo compressor,2,2,140,52,1.96,https://bulkresizephotos.com/en,18,0.24,35.00,0.02,7910000,"[28,82,82,28,17,5,5,5,5,53,12,100]",2025-08-14,"Sitelinks, Video, Image, People also ask, Related searches",commercial,Organic
resize images bulk,2,2,260,67,2.71,https://bulkresizephotos.com/en,34,0.46,92.00,0.11,50500000,"[13,24,20,10,8,45,30,10,10,10,16,3]",2025-08-16,"Image pack, Sitelinks, Video, Related searches",informational,Organic
mass reduce image size,2,2,90,42,2.33,https://bulkresizephotos.com/en,11,0.15,25.00,0.11,591000000,"[78,50,35,50,35,78,50,78,50,78,78,35]",2025-08-18,"Image pack, Sitelinks, Video, Image, Related searches, AI overview",informational,Organic
mass image resizer,2,2,320,64,2.31,https://bulkresizephotos.com/en,42,0.57,97.00,0.19,4010000,"[36,54,66,100,36,36,29,29,44,44,44,44]",2025-08-08,"Image pack, Sitelinks, Video, Related searches","commercial, informational",Organic
resize images online batch,2,2,50,49,1.74,https://bulkresizephotos.com/en,6,0.08,10.00,0.05,3110000,"[14,14,14,14,14,14,14,14,100,78,14,78]",2025-08-30,"Image pack, Video, Related searches","commercial, informational",Organic
image resizer batch,2,2,50,63,2.87,https://bulkresizephotos.com/en,6,0.08,17.00,0.13,1720000,"[3,34,0,3,6,65,3,6,53,3,6,3]",2025-08-31,"Image pack, Sitelinks, Video, Video Carousel, Related searches","commercial, informational",Organic
image resize batch,2,2,30,67,2.87,https://bulkresizephotos.com/en,3,0.04,8.00,0.13,49700000,"[0,0,0,0,0,100,0,0,0,0,52,0]",2025-08-21,"Image pack, Sitelinks, Video, Image, Related searches","informational, transactional",Organic
batch resize image,2,2,170,71,2.87,https://bulkresizephotos.com/en,22,0.3,63.00,0.13,31300000,"[6,0,100,0,0,0,55,0,0,0,0,0]",2025-08-26,"Image pack, Sitelinks, Video, Related searches",informational,Organic
free mass image resizer,2,2,90,64,1.82,https://bulkresizephotos.com/en,11,0.15,20.00,0.3,302000,"[50,50,50,50,35,35,35,50,64,64,100,100]",2025-08-19,"Sitelinks, Video, Related searches","commercial, informational",Organic
batch resize images,2,2,880,50,2.71,https://bulkresizephotos.com/en,116,1.58,314.00,0.11,48900000,"[31,25,25,25,31,20,31,20,37,84,84,100]",2025-09-01,"Image pack, Sitelinks, Video, Image, Related searches",informational,Organic
resize image in bulk,2,2,90,66,2.71,https://bulkresizephotos.com/en,11,0.15,29.00,0.11,57300000,"[0,0,0,0,0,0,0,0,39,59,0,0]",2025-08-30,"Image pack, Sitelinks, Video, Related searches",informational,Organic
how to resize pictures in bulk,2,2,30,30,2.30,https://bulkresizephotos.com/en,3,0.04,6.00,0.17,548000,"[9,9,9,9,9,52,9,9,9,9,9,9]",2025-08-19,"Image pack, Sitelinks, Video, People also ask, Related searches, Discussions and forums, AI overview",informational,Organic
bulk image resizer online,2,2,50,59,1.74,https://bulkresizephotos.com/en,1,0.01,1.00,0.05,1860000,"[6,6,6,6,6,6,6,6,43,53,6,34]",2025-08-30,"Image pack, Video, Ads bottom, Related searches, Ads middle","commercial, informational",Organic
resize group of images,2,2,90,62,2.02,https://bulkresizephotos.com/en,11,0.15,22.00,0.22,371000000,"[12,9,9,12,19,15,12,15,9,9,6,9]",2025-08-12,"Image pack, Sitelinks, Video, Image, Ads bottom, Related searches","commercial, informational",Organic
image resizer bulk,2,2,480,62,2.71,https://bulkresizephotos.com/en,63,0.85,170.00,0.11,2440000,"[24,7,44,13,5,11,20,7,7,24,16,20]",2025-08-20,"Image pack, Sitelinks, Video, Image, Related searches","commercial, informational",Organic
image resize bulk,2,2,140,61,2.71,https://bulkresizephotos.com/en,18,0.24,48.00,0.11,47000000,"[8,100,10,10,43,0,35,35,54,0,43,0]",2025-08-23,"Image pack, Sitelinks, Video, Image, Ads bottom, Related searches",informational,Organic
freeware bulk image resizer,2,2,40,54,2.26,https://bulkresizephotos.com/en,3,0.04,6.00,0.35,7600000,"[18,18,18,18,18,18,18,18,18,100,100,100]",2025-08-30,"Image pack, Sitelinks, Video, Video Carousel, Related searches, AI overview",informational,Organic
bulk compress images,2,2,260,44,1.96,https://bulkresizephotos.com/en,34,0.46,66.00,0.02,24000000,"[28,43,35,53,66,43,66,53,82,82,82,100]",2025-08-24,"Image pack, Sitelinks, Video, Image, Related searches",commercial,Organic
photo resizer bulk,2,2,390,61,2.71,https://bulkresizephotos.com/en,51,0.69,138.00,0.11,1380000,"[0,100,0,100,0,0,36,30,0,100,20,3]",2025-08-30,"Image pack, Sitelinks, Video, Image, Related searches",informational,Organic
how to resize photos in bulk,2,2,50,30,2.32,https://bulkresizephotos.com/en,1,0.01,2.00,0.18,13200000,"[33,23,23,33,23,23,23,33,33,33,33,19]",2025-08-08,"Image pack, Sitelinks, Video, People also ask, Related searches, Discussions and forums",informational,Organic
mass resize photos,2,2,40,44,2.71,https://bulkresizephotos.com/en,5,0.06,13.00,0.11,26400000,"[1,2,11,13,0,0,0,0,0,0,0,0]",2025-08-22,"Image pack, Sitelinks, Video, Ads bottom, Related searches",informational,Organic
batch reduce image size,2,2,110,69,2.33,https://bulkresizephotos.com/en,14,0.19,32.00,0.11,149000000,"[66,42,33,42,33,33,52,66,52,66,52,52]",2025-08-15,"Image pack, Sitelinks, Video, People also ask, Related searches",informational,Organic
resize image bulk,2,2,260,64,2.71,https://bulkresizephotos.com/en,34,0.46,92.00,0.11,41200000,"[100,0,24,36,30,16,36,0,0,0,0,0]",2025-08-26,"Image pack, Video, Ads bottom, Related searches","commercial, informational",Organic
bulk compress image,2,2,50,42,1.96,https://bulkresizephotos.com/en,6,0.08,11.00,0.02,26700000,"[0,100,0,0,53,0,0,0,65,0,0,0]",2025-08-11,"Image pack, Sitelinks, Video, Image, Related searches","commercial, informational",Organic
bulk image resizing,2,2,50,64,2.87,https://bulkresizephotos.com/en,6,0.08,17.00,0.13,2120000,"[0,0,0,0,0,0,23,19,0,36,6,0]",2025-08-11,"Image pack, Sitelinks, Video, Image, Related searches",informational,Organic
batch jpeg resize,2,2,30,61,2.57,https://bulkresizephotos.com/en,3,0.04,7.00,0.11,1500000,"[33,22,22,22,22,77,77,77,0,0,11,0]",2025-08-11,"Image pack, Sitelinks, Video, People also ask, Related searches",informational,Organic
free bulk image resizer,2,2,50,64,2.26,https://bulkresizephotos.com/en,6,0.08,13.00,0.35,1910000,"[9,9,9,9,9,9,9,9,9,100,66,52]",2025-08-26,"Image pack, Sitelinks, Video, Related searches","commercial, informational",Organic
online image resizer bulk,2,2,40,55,1.74,https://bulkresizephotos.com/en,5,0.06,8.00,0.05,168000,"[18,18,18,18,18,18,18,18,100,100,18,100]",2025-08-30,"Image pack, Video, People also ask, Related searches","commercial, informational",Organic
bulk image resize,2,2,720,61,2.71,https://bulkresizephotos.com/en,95,1.29,257.00,0.11,127000000,"[26,48,100,72,48,88,100,100,100,100,88,59]",2025-08-23,"Image pack, Sitelinks, Video, Image, Related searches","commercial, informational",Organic
resize batch of images,2,2,70,70,2.71,https://bulkresizephotos.com/en,9,0.12,24.00,0.11,10200000,"[0,0,0,0,0,0,100,0,0,0,0,0]",2025-08-26,"Image pack, Sitelinks, Video, Image, Related searches",informational,Organic
mass resize image,2,2,110,44,2.71,https://bulkresizephotos.com/en,14,0.19,37.00,0.11,16200000,"[0,0,0,100,0,0,54,0,54,0,0,0]",2025-08-21,"Image pack, Sitelinks, Video, People also ask, Related searches",informational,Organic
bulk picture resizer free,2,2,30,64,2.26,https://bulkresizephotos.com/en,3,0.04,6.00,0.35,1820000,"[9,9,9,9,9,9,9,9,9,33,33,33]",2025-08-21,"Image pack, Sitelinks, Video, People also ask, Related searches, AI overview","commercial, informational",Organic
bulk compress,2,2,40,28,0.00,https://bulkresizephotos.com/en,5,0.06,0.00,0.21,35300000,"[11,11,11,23,11,11,11,100,11,11,11,11]",2025-09-01,"Image pack, Video, Related searches",commercial,Organic
bulk picture resizer,2,2,720,62,2.71,https://bulkresizephotos.com/en,95,1.29,257.00,0.11,505000,"[36,3,16,52,44,36,36,3,3,7,13,4]",2025-08-19,"Image pack, Sitelinks, Video, Related searches","commercial, informational",Organic
resize images in bulk,2,2,390,30,2.71,https://bulkresizephotos.com/en,51,0.69,138.00,0.11,45500000,"[30,24,20,30,24,30,45,2,24,30,2,16]",2025-08-25,"Image pack, Sitelinks, Video, Image, Related searches",informational,Organic
free batch image resizer,2,2,110,57,1.82,https://bulkresizephotos.com/en,14,0.19,25.00,0.3,1440000,"[52,42,42,52,42,33,42,52,52,52,66,66]",2025-08-15,"Image pack, Sitelinks, Video, Related searches","informational, transactional",Organic
free bulk picture resizer,2,2,40,61,2.26,https://bulkresizephotos.com/en,5,0.06,11.00,0.35,138000,"[18,18,18,18,18,18,18,18,18,100,100,100]",2025-08-30,"Image pack, Sitelinks, Video Carousel, Related searches","informational, transactional",Organic
resize bulk image,2,2,50,60,2.71,https://bulkresizephotos.com/en,6,0.08,16.00,0.11,41300000,"[81,0,0,0,0,43,0,0,0,0,0,0]",2025-08-20,"Image pack, Sitelinks, Video, Image, Related searches",informational,Organic
batch change photo size,2,2,110,52,2.02,https://bulkresizephotos.com/en,14,0.19,28.00,0.22,48100000,"[64,64,52,64,41,64,52,52,23,52,82,82]",2025-08-18,"Image pack, Sitelinks, Video, People also ask, Related searches, AI overview",informational,Organic
image bulk resizer,2,2,90,63,2.71,https://bulkresizephotos.com/en,11,0.15,29.00,0.11,2480000,"[2,1,0,2,5,0,0,0,9,100,29,0]",2025-08-19,"Image pack, Sitelinks, Video, Image, Related searches","commercial, informational",Organic
how to resize bulk images,2,2,30,39,2.30,https://bulkresizephotos.com/en,3,0.04,6.00,0.17,42700000,"[11,11,11,11,11,100,11,11,11,11,11,11]",2025-08-19,"Image pack, Sitelinks, Video, Image, Related searches, Discussions and forums, AI overview",informational,Organic
online image resizer batch,2,2,40,52,1.74,https://bulkresizephotos.com/en,5,0.06,8.00,0.05,123000,"[18,18,18,18,18,18,18,18,100,100,18,100]",2025-08-30,"Image pack, Video, Related searches","commercial, informational",Organic
batch change picture size,2,2,90,71,2.02,https://bulkresizephotos.com/en,11,0.15,22.00,0.22,33400000,"[64,64,52,64,41,64,52,52,23,52,82,82]",2025-08-18,"Image pack, Sitelinks, Video, People also ask, Related searches, AI overview",informational,Organic
bulk image resizer free,2,2,50,60,1.82,https://bulkresizephotos.com/en,6,0.08,10.00,0.3,44400000,"[63,18,18,100,9,18,18,45,63,45,81,63]",2025-08-14,"Sitelinks, Video, Related searches","commercial, informational",Organic
image resize in bulk,2,2,110,59,2.71,https://bulkresizephotos.com/en,14,0.19,37.00,0.11,41000000,"[0,0,0,0,0,0,0,0,36,100,0,29]",2025-08-15,"Image pack, Sitelinks, Video, Image, Related searches",informational,Organic
batch image resizer,2,2,480,52,2.87,https://bulkresizephotos.com/en,63,0.85,180.00,0.13,1720000,"[48,39,48,59,32,59,59,32,48,72,72,59]",2025-09-01,"Image pack, Sitelinks, Video, Image, Related searches",informational,Organic
how to resize pictures in batch,2,2,30,30,2.30,https://bulkresizephotos.com/en,0,0,0.00,0.17,2610000,"[18,18,18,18,18,100,18,18,18,18,18,18]",2025-08-18,"Image pack, Sitelinks, Video, People also ask, Related searches, Discussions and forums, AI overview",informational,Organic
mass picture resizer,2,2,70,65,2.02,https://bulkresizephotos.com/en,9,0.12,18.00,0.22,296000,"[81,63,63,81,63,100,81,100,63,63,45,63]",2025-08-25,"Image pack, Sitelinks, Video, Ads bottom, Related searches","commercial, informational",Organic
batch image resize,2,2,140,64,2.87,https://bulkresizephotos.com/en,18,0.24,51.00,0.13,61500000,"[66,28,66,17,66,43,82,10,43,10,12,7]",2025-08-27,"Image pack, Sitelinks, Video, Image, Related searches",informational,Organic
mass resize images,2,2,1300,50,2.71,https://bulkresizephotos.com/en,171,2.33,463.00,0.11,58200000,"[16,44,44,34,55,55,65,34,44,55,55,30]",2025-08-28,"Image pack, Sitelinks, Video, Related searches",informational,Organic
batch resizing images,2,2,70,51,2.71,https://bulkresizephotos.com/en,9,0.12,24.00,0.11,6720000,"[0,0,0,0,0,0,100,0,0,0,0,0]",2025-08-26,"Image pack, Sitelinks, Video, Image, Related searches",informational,Organic
online batch picture resizer,2,2,40,59,1.74,https://bulkresizephotos.com/en,5,0.06,8.00,0.05,803000,"[18,18,18,18,18,18,18,18,100,100,18,100]",2025-08-30,"Image pack, Video, Ads bottom, Related searches, Ads middle","commercial, informational",Organic
reduce image size bulk,2,2,110,58,2.33,https://bulkresizephotos.com/en,14,0.19,32.00,0.11,245000000,"[100,64,64,100,50,100,100,78,50,64,100,64]",2025-08-27,"Image pack, Sitelinks, Video, Related searches, AI overview",informational,Organic
batch jpeg resizer,2,2,70,41,2.57,https://bulkresizephotos.com/en,9,0.12,23.00,0.11,99400,"[63,63,45,18,18,100,100,100,81,63,63,63]",2025-08-21,"Image pack, Sitelinks, Video, Related searches, AI overview",informational,Organic
image resizer in bulk,2,2,880,65,2.71,https://bulkresizephotos.com/en,116,1.58,314.00,0.11,33600000,"[41,54,20,100,13,13,54,2,66,10,7,41]",2025-08-26,"Image pack, Sitelinks, Video, Ads top, Ads bottom, Related searches",informational,Organic
compress bulk images,2,2,70,41,1.96,https://bulkresizephotos.com/en,9,0.12,17.00,0.02,30300000,"[9,9,9,6,9,9,53,12,100,15,15,15]",2025-08-27,"Image pack, Sitelinks, Video, Image, Ads top, Video Carousel, Related searches",commercial,Organic
resize in bulk,2,2,720,53,3.60,https://bulkresizephotos.com/en,95,1.29,342.00,0.03,56600000,"[59,72,88,100,26,100,17,72,59,59,100,88]",2025-08-19,"Image pack, Sitelinks, Video, People also ask, Related searches",informational,Organic
